student_id,province,year,population,income,cpi,unemployment_rate
24174600087,Hà Nội,2019,3603294,60.73,115.9,2.44
24174600087,Hà Nội,2020,7021866,116.78,108.21,1.21
24174600087,Hà Nội,2021,5731249,,119.33,
24174600087,TP.HCM,2019,6150459,89.98,108.73,5.58
24174600087,TP.HCM,2020,4069253,76.48,95.88,
24174600087,TP.HCM,2021,6062257,76.18,92.7,3.34
24174600087,Đà Nẵng,2019,733800,74.87,95.81,1.88
24174600087,Đà Nẵng,2020,3559680,106.31,103.61,3.62
24174600087,Đà Nẵng,2021,802886,105.68,95.12,
24174600087,Hải Phòng,2019,1890969,47.21,107.76,4.35
24174600087,Hải Phòng,2020,5947385,117.28,122.27,3.86
24174600087,Hải Phòng,2021,2868862,88.82,116.77,4.92
24174600087,Cần Thơ,2019,3377792,66.35,93.5,4.16
24174600087,Cần Thơ,2020,5997549,72.83,104.36,1.68
24174600087,Cần Thơ,2021,1065896,63.44,107.43,1.18
24174600120,Hà Nội,2019,1491757,45.82,100.88,2.83
24174600120,Hà Nội,2020,2690799,89.31,124.35,
24174600120,Hà Nội,2021,963436,41.84,110.02,3.84
24174600120,TP.HCM,2019,7333837,50.71,109.13,4.15
24174600120,TP.HCM,2020,3016157,,113.84,4.08
24174600120,TP.HCM,2021,5693466,79.13,125.16,
24174600120,Đà Nẵng,2019,2460014,35.62,104.0,2.32
24174600120,Đà Nẵng,2020,6591567,83.54,116.67,4.87
24174600120,Đà Nẵng,2021,1854348,35.57,109.65,1.18
24174600120,Hải Phòng,2019,7254072,58.34,107.78,
24174600120,Hải Phòng,2020,3616218,106.53,107.19,2.51
24174600120,Hải Phòng,2021,4295203,118.66,99.8,5.11
24174600120,Cần Thơ,2019,5621157,63.65,108.38,4.29
24174600120,Cần Thơ,2020,6923975,101.9,125.08,
24174600120,Cần Thơ,2021,7903140,96.33,114.59,5.55
24174600077,Hà Nội,2019,7322883,111.44,,3.11
24174600077,Hà Nội,2020,1982250,113.38,123.69,4.27
24174600077,Hà Nội,2021,837363,112.75,99.61,4.46
24174600077,TP.HCM,2019,4867561,79.31,126.09,5.87
24174600077,TP.HCM,2020,2776737,73.34,118.23,5.11
24174600077,TP.HCM,2021,620105,87.81,97.6,5.58
24174600077,Đà Nẵng,2019,929605,112.3,94.17,3.19
24174600077,Đà Nẵng,2020,7072959,95.51,102.06,5.83
24174600077,Đà Nẵng,2021,4976827,84.79,116.27,3.98
24174600077,Hải Phòng,2019,4652628,,117.1,1.55
24174600077,Hải Phòng,2020,5088010,55.42,108.97,
24174600077,Hải Phòng,2021,7083022,77.46,126.86,4.74
24174600077,Cần Thơ,2019,578447,98.58,113.51,3.64
24174600077,Cần Thơ,2020,2868639,93.07,95.34,5.52
24174600077,Cần Thơ,2021,966316,64.16,124.18,4.4
24174600086,Hà Nội,2019,2857173,,106.98,3.34
24174600086,Hà Nội,2020,4245602,57.81,105.35,2.03
24174600086,Hà Nội,2021,6922794,87.76,114.63,2.1
24174600086,TP.HCM,2019,5790299,83.11,100.75,5.97
24174600086,TP.HCM,2020,7825931,108.85,,
24174600086,TP.HCM,2021,7589127,38.76,117.06,2.11
24174600086,Đà Nẵng,2019,3167302,106.04,,
24174600086,Đà Nẵng,2020,2272993,113.53,113.72,5.33
24174600086,Đà Nẵng,2021,4650283,35.5,90.87,5.23
24174600086,Hải Phòng,2019,7388729,90.2,102.97,4.92
24174600086,Hải Phòng,2020,1991685,94.45,92.45,4.17
24174600086,Hải Phòng,2021,4805430,31.58,,3.74
24174600086,Cần Thơ,2019,5336513,,108.7,
24174600086,Cần Thơ,2020,4827967,,118.48,3.06
24174600086,Cần Thơ,2021,6223769,59.18,128.34,1.69
24174600098,Hà Nội,2019,982616,104.12,121.28,2.86
24174600098,Hà Nội,2020,2680960,66.92,91.55,
24174600098,Hà Nội,2021,7832982,87.13,96.76,5.86
24174600098,TP.HCM,2019,3625013,86.97,,1.72
24174600098,TP.HCM,2020,1280945,,92.31,5.67
24174600098,TP.HCM,2021,6756787,66.54,98.74,4.92
24174600098,Đà Nẵng,2019,1928135,39.65,120.05,2.55
24174600098,Đà Nẵng,2020,1119562,116.16,100.73,3.06
24174600098,Đà Nẵng,2021,3824863,103.52,124.81,4.15
24174600098,Hải Phòng,2019,6734101,73.39,93.53,3.17
24174600098,Hải Phòng,2020,4615036,91.3,98.46,2.35
24174600098,Hải Phòng,2021,7044476,35.85,94.17,5.35
24174600098,Cần Thơ,2019,5451108,62.27,127.86,5.72
24174600098,Cần Thơ,2020,1350932,76.94,129.63,2.97
24174600098,Cần Thơ,2021,3983829,,97.54,1.92
24174600067,Hà Nội,2019,2773157,49.02,125.73,
24174600067,Hà Nội,2020,6231277,50.82,116.43,4.25
24174600067,Hà Nội,2021,7929052,84.66,117.03,5.77
24174600067,TP.HCM,2019,4571170,110.87,95.83,2.37
24174600067,TP.HCM,2020,6685842,54.34,,5.64
24174600067,TP.HCM,2021,2913853,100.54,108.56,4.21
24174600067,Đà Nẵng,2019,5859832,32.17,123.19,3.44
24174600067,Đà Nẵng,2020,4644196,70.73,112.2,5.63
24174600067,Đà Nẵng,2021,3179398,40.05,108.36,1.71
24174600067,Hải Phòng,2019,1754971,62.39,126.66,4.37
24174600067,Hải Phòng,2020,3481755,117.95,126.96,5.75
24174600067,Hải Phòng,2021,5515044,72.3,112.54,4.95
24174600067,Cần Thơ,2019,7079776,117.24,91.61,4.81
24174600067,Cần Thơ,2020,6252768,109.22,129.36,4.57
24174600067,Cần Thơ,2021,3693585,90.3,92.38,3.17
24174600075,Hà Nội,2019,2705630,67.88,109.12,1.24
24174600075,Hà Nội,2020,5042118,,94.99,4.16
24174600075,Hà Nội,2021,5595161,114.08,116.05,3.02
24174600075,TP.HCM,2019,6077351,88.35,96.79,1.49
24174600075,TP.HCM,2020,2900099,117.68,120.81,4.92
24174600075,TP.HCM,2021,4646019,93.21,,2.08
24174600075,Đà Nẵng,2019,4054319,112.55,93.36,
24174600075,Đà Nẵng,2020,2321940,95.36,110.3,5.23
24174600075,Đà Nẵng,2021,3515706,,,2.17
24174600075,Hải Phòng,2019,1441207,,91.71,1.75
24174600075,Hải Phòng,2020,2235323,,105.6,1.36
24174600075,Hải Phòng,2021,3116401,48.56,90.48,1.74
24174600075,Cần Thơ,2019,2775585,113.77,,1.57
24174600075,Cần Thơ,2020,1077574,99.97,123.29,
24174600075,Cần Thơ,2021,6888643,91.54,100.54,4.55
24174600082,Hà Nội,2019,1016479,62.68,90.56,2.61
24174600082,Hà Nội,2020,4236208,54.99,107.49,
24174600082,Hà Nội,2021,2867327,98.17,107.64,3.51
24174600082,TP.HCM,2019,1617086,106.82,106.98,1.45
24174600082,TP.HCM,2020,7902480,,108.33,3.33
24174600082,TP.HCM,2021,6853786,40.98,101.78,4.04
24174600082,Đà Nẵng,2019,5563736,53.03,90.43,4.14
24174600082,Đà Nẵng,2020,3360358,118.73,,5.62
24174600082,Đà Nẵng,2021,5310161,,91.03,4.11
24174600082,Hải Phòng,2019,2257422,111.24,117.16,1.08
24174600082,Hải Phòng,2020,2529796,85.8,116.06,4.38
24174600082,Hải Phòng,2021,4304932,57.16,122.98,5.23
24174600082,Cần Thơ,2019,3340448,113.16,123.26,
24174600082,Cần Thơ,2020,703029,66.47,110.31,2.42
24174600082,Cần Thơ,2021,4311766,,,2.18
24174600072,Hà Nội,2019,7379480,105.81,111.2,5.21
24174600072,Hà Nội,2020,723705,91.37,102.52,4.73
24174600072,Hà Nội,2021,4232437,78.76,113.94,5.77
24174600072,TP.HCM,2019,891214,89.71,99.12,5.01
24174600072,TP.HCM,2020,6225251,48.76,129.35,5.08
24174600072,TP.HCM,2021,3936754,60.31,128.76,4.02
24174600072,Đà Nẵng,2019,805209,30.07,,4.84
24174600072,Đà Nẵng,2020,2934846,118.6,96.33,2.59
24174600072,Đà Nẵng,2021,1812889,63.34,,
24174600072,Hải Phòng,2019,1554183,67.79,99.33,5.96
24174600072,Hải Phòng,2020,4363158,80.19,100.37,3.9
24174600072,Hải Phòng,2021,3064760,99.79,90.39,4.21
24174600072,Cần Thơ,2019,4966513,86.82,124.65,5.35
24174600072,Cần Thơ,2020,1455220,107.51,124.22,3.11
24174600072,Cần Thơ,2021,2349847,101.38,120.06,5.92
24174600073,Hà Nội,2019,5538770,71.64,93.71,1.15
24174600073,Hà Nội,2020,5025170,49.95,118.85,4.89
24174600073,Hà Nội,2021,7815668,92.4,107.51,1.9
24174600073,TP.HCM,2019,4393675,45.25,109.0,5.29
24174600073,TP.HCM,2020,2531527,38.69,124.21,2.61
24174600073,TP.HCM,2021,6942233,38.83,92.51,4.51
24174600073,Đà Nẵng,2019,1784546,68.07,93.1,1.75
24174600073,Đà Nẵng,2020,1688837,71.84,109.42,3.54
24174600073,Đà Nẵng,2021,7976753,59.39,121.66,4.66
24174600073,Hải Phòng,2019,1029704,74.02,128.33,4.07
24174600073,Hải Phòng,2020,5435765,80.14,116.6,2.37
24174600073,Hải Phòng,2021,4966946,117.64,116.27,2.05
24174600073,Cần Thơ,2019,2156961,45.74,120.48,2.17
24174600073,Cần Thơ,2020,3021619,48.58,112.12,5.85
24174600073,Cần Thơ,2021,6665248,56.88,108.98,1.25
24174600093,Hà Nội,2019,5474255,83.76,114.02,
24174600093,Hà Nội,2020,4685918,,,3.68
24174600093,Hà Nội,2021,7513431,54.56,97.06,4.88
24174600093,TP.HCM,2019,3605582,65.45,124.7,1.6
24174600093,TP.HCM,2020,5510467,71.38,103.2,4.52
24174600093,TP.HCM,2021,6121039,81.97,97.32,4.72
24174600093,Đà Nẵng,2019,7804820,113.48,91.57,2.03
24174600093,Đà Nẵng,2020,3084024,115.24,102.05,4.86
24174600093,Đà Nẵng,2021,654599,33.85,98.79,2.18
24174600093,Hải Phòng,2019,4339802,111.43,123.96,3.46
24174600093,Hải Phòng,2020,5613948,106.24,111.35,
24174600093,Hải Phòng,2021,7673926,,92.36,4.36
24174600093,Cần Thơ,2019,7254215,76.43,90.53,3.93
24174600093,Cần Thơ,2020,7300982,100.25,115.32,1.78
24174600093,Cần Thơ,2021,7722101,83.53,117.76,5.46
24174600061,Hà Nội,2019,5172422,110.5,90.81,5.48
24174600061,Hà Nội,2020,5478472,50.01,97.3,2.84
24174600061,Hà Nội,2021,1831583,103.4,96.43,1.19
24174600061,TP.HCM,2019,5177049,117.5,,5.15
24174600061,TP.HCM,2020,4216769,91.67,117.08,5.47
24174600061,TP.HCM,2021,2112068,55.04,94.17,4.95
24174600061,Đà Nẵng,2019,3961216,114.82,116.89,3.11
24174600061,Đà Nẵng,2020,6173730,105.28,92.92,4.86
24174600061,Đà Nẵng,2021,3999032,,104.1,3.3
24174600061,Hải Phòng,2019,6058646,60.04,92.66,2.75
24174600061,Hải Phòng,2020,7679034,57.27,120.82,2.75
24174600061,Hải Phòng,2021,3118990,94.87,112.89,3.19
24174600061,Cần Thơ,2019,6072768,47.07,98.02,2.94
24174600061,Cần Thơ,2020,1401387,37.67,115.97,5.13
24174600061,Cần Thơ,2021,6844361,100.97,115.87,3.07
24174600065,Hà Nội,2019,4121009,37.59,120.24,5.99
24174600065,Hà Nội,2020,4801954,61.52,94.8,4.03
24174600065,Hà Nội,2021,6328825,109.89,90.4,4.28
24174600065,TP.HCM,2019,3120223,,97.11,2.05
24174600065,TP.HCM,2020,6502579,108.87,129.02,4.38
24174600065,TP.HCM,2021,5222717,64.73,111.92,5.35
24174600065,Đà Nẵng,2019,6748247,101.15,123.36,4.71
24174600065,Đà Nẵng,2020,618693,38.76,129.16,
24174600065,Đà Nẵng,2021,2765678,68.3,129.63,5.52
24174600065,Hải Phòng,2019,6471365,87.94,99.68,2.18
24174600065,Hải Phòng,2020,6112141,41.17,123.19,3.24
24174600065,Hải Phòng,2021,5915795,105.33,92.68,2.71
24174600065,Cần Thơ,2019,3136932,107.25,110.98,1.63
24174600065,Cần Thơ,2020,4176103,50.55,100.08,4.4
24174600065,Cần Thơ,2021,4024413,115.98,118.03,1.39
24174600100,Hà Nội,2019,5677379,42.79,97.07,5.3
24174600100,Hà Nội,2020,3611271,95.81,104.96,3.19
24174600100,Hà Nội,2021,2636060,81.25,102.19,
24174600100,TP.HCM,2019,6307123,47.75,113.42,2.58
24174600100,TP.HCM,2020,4587379,112.94,124.65,5.17
24174600100,TP.HCM,2021,4044995,93.83,91.33,1.36
24174600100,Đà Nẵng,2019,2366804,70.46,117.4,4.74
24174600100,Đà Nẵng,2020,2973373,49.07,101.22,2.01
24174600100,Đà Nẵng,2021,583205,84.23,118.16,1.82
24174600100,Hải Phòng,2019,2025109,46.35,125.04,3.68
24174600100,Hải Phòng,2020,572822,107.73,96.53,4.95
24174600100,Hải Phòng,2021,748746,86.77,100.29,2.76
24174600100,Cần Thơ,2019,1429130,46.49,116.07,2.79
24174600100,Cần Thơ,2020,4313444,35.95,122.28,4.9
24174600100,Cần Thơ,2021,2564181,37.69,99.92,
24174600079,Hà Nội,2019,1233757,66.27,,2.55
24174600079,Hà Nội,2020,5397099,78.07,,
24174600079,Hà Nội,2021,3026853,61.64,,5.42
24174600079,TP.HCM,2019,4432733,96.47,122.66,1.26
24174600079,TP.HCM,2020,1179646,77.87,122.05,1.06
24174600079,TP.HCM,2021,2437496,82.1,112.26,2.99
24174600079,Đà Nẵng,2019,3983740,87.15,96.41,5.94
24174600079,Đà Nẵng,2020,3405934,43.51,111.41,2.47
24174600079,Đà Nẵng,2021,7536636,57.02,91.35,5.37
24174600079,Hải Phòng,2019,5310632,115.91,118.92,5.33
24174600079,Hải Phòng,2020,2170024,54.54,101.69,2.97
24174600079,Hải Phòng,2021,1685821,113.58,94.11,5.56
24174600079,Cần Thơ,2019,6230429,61.53,126.44,5.64
24174600079,Cần Thơ,2020,1823721,56.11,90.64,1.86
24174600079,Cần Thơ,2021,7534580,91.57,105.39,5.38
24174600066,Hà Nội,2019,5407935,40.37,90.41,5.69
24174600066,Hà Nội,2020,4537097,,103.54,2.0
24174600066,Hà Nội,2021,4506229,32.89,128.72,3.35
24174600066,TP.HCM,2019,4196784,96.04,109.73,2.51
24174600066,TP.HCM,2020,5155419,90.22,121.48,4.52
24174600066,TP.HCM,2021,6772118,30.43,110.11,4.3
24174600066,Đà Nẵng,2019,2659133,30.69,117.18,
24174600066,Đà Nẵng,2020,2797666,44.94,129.3,
24174600066,Đà Nẵng,2021,6335850,89.36,93.48,3.74
24174600066,Hải Phòng,2019,7298104,95.94,113.72,3.33
24174600066,Hải Phòng,2020,4566458,,99.34,4.5
24174600066,Hải Phòng,2021,1122430,72.83,,5.7
24174600066,Cần Thơ,2019,6395533,80.67,122.51,1.11
24174600066,Cần Thơ,2020,2582699,59.32,92.19,1.27
24174600066,Cần Thơ,2021,618871,111.37,125.82,
24174600062,Hà Nội,2019,4371136,111.13,,
24174600062,Hà Nội,2020,3732206,61.38,94.27,
24174600062,Hà Nội,2021,3919467,,125.21,4.6
24174600062,TP.HCM,2019,2129115,88.24,90.49,
24174600062,TP.HCM,2020,1624326,109.25,,2.29
24174600062,TP.HCM,2021,4992220,32.07,107.24,4.35
24174600062,Đà Nẵng,2019,5652930,92.27,127.06,3.57
24174600062,Đà Nẵng,2020,2685608,36.15,95.04,4.31
24174600062,Đà Nẵng,2021,4115576,42.71,94.95,
24174600062,Hải Phòng,2019,4821203,108.97,108.93,1.32
24174600062,Hải Phòng,2020,6797488,106.76,102.64,5.96
24174600062,Hải Phòng,2021,3564026,61.59,119.43,2.34
24174600062,Cần Thơ,2019,6921493,85.64,111.45,1.89
24174600062,Cần Thơ,2020,3099557,50.53,127.77,4.48
24174600062,Cần Thơ,2021,7427972,,128.92,3.84
24174600081,Hà Nội,2019,6906927,37.29,91.52,1.28
24174600081,Hà Nội,2020,7687236,49.63,92.31,4.35
24174600081,Hà Nội,2021,5257838,105.73,116.63,3.33
24174600081,TP.HCM,2019,7575495,50.2,91.8,1.4
24174600081,TP.HCM,2020,3601596,110.39,,4.93
24174600081,TP.HCM,2021,5582261,43.72,124.52,1.88
24174600081,Đà Nẵng,2019,3006055,36.0,99.6,3.84
24174600081,Đà Nẵng,2020,5777465,97.54,108.31,4.35
24174600081,Đà Nẵng,2021,5658755,62.21,102.87,2.91
24174600081,Hải Phòng,2019,2870502,118.35,109.03,4.08
24174600081,Hải Phòng,2020,7674495,77.84,99.7,3.63
24174600081,Hải Phòng,2021,2606045,99.6,92.85,2.28
24174600081,Cần Thơ,2019,6086188,,90.64,3.29
24174600081,Cần Thơ,2020,7526425,39.65,,5.08
24174600081,Cần Thơ,2021,2825839,106.23,107.41,1.04
24174600095,Hà Nội,2019,4227813,,124.37,2.0
24174600095,Hà Nội,2020,5756198,,108.08,4.64
24174600095,Hà Nội,2021,4209437,54.28,128.82,1.97
24174600095,TP.HCM,2019,2551840,30.83,109.62,4.55
24174600095,TP.HCM,2020,5428375,38.82,120.75,2.3
24174600095,TP.HCM,2021,3564478,,93.36,1.02
24174600095,Đà Nẵng,2019,1231008,83.44,93.71,4.05
24174600095,Đà Nẵng,2020,5661282,,112.7,3.21
24174600095,Đà Nẵng,2021,3057776,76.96,101.42,2.69
24174600095,Hải Phòng,2019,5561982,74.64,129.33,2.92
24174600095,Hải Phòng,2020,776316,42.53,99.27,2.24
24174600095,Hải Phòng,2021,6149599,90.02,98.61,4.18
24174600095,Cần Thơ,2019,2843288,,104.93,4.83
24174600095,Cần Thơ,2020,506533,32.92,112.01,5.29
24174600095,Cần Thơ,2021,4223517,56.02,91.37,
24174600102,Hà Nội,2019,2453072,82.43,121.52,2.22
24174600102,Hà Nội,2020,946359,34.0,113.96,4.81
24174600102,Hà Nội,2021,7651086,59.56,114.71,1.07
24174600102,TP.HCM,2019,7186458,115.12,128.44,2.0
24174600102,TP.HCM,2020,7382753,85.78,102.17,1.16
24174600102,TP.HCM,2021,6557701,85.16,,2.63
24174600102,Đà Nẵng,2019,2241688,103.75,91.46,1.19
24174600102,Đà Nẵng,2020,3348068,75.11,128.41,2.23
24174600102,Đà Nẵng,2021,3695504,62.3,118.45,4.46
24174600102,Hải Phòng,2019,2171677,54.67,,3.6
24174600102,Hải Phòng,2020,5282483,74.13,127.97,5.71
24174600102,Hải Phòng,2021,6169839,92.86,112.11,1.92
24174600102,Cần Thơ,2019,5870222,34.01,100.21,2.89
24174600102,Cần Thơ,2020,5410574,114.96,108.98,5.66
24174600102,Cần Thơ,2021,3769733,40.93,110.09,3.43
24174600091,Hà Nội,2019,6928179,100.54,,4.24
24174600091,Hà Nội,2020,5254118,71.75,128.2,
24174600091,Hà Nội,2021,3427856,,121.24,4.75
24174600091,TP.HCM,2019,729074,,,5.28
24174600091,TP.HCM,2020,1131854,31.03,100.26,5.17
24174600091,TP.HCM,2021,7332652,41.2,128.89,2.21
24174600091,Đà Nẵng,2019,3852916,83.43,127.38,1.76
24174600091,Đà Nẵng,2020,6499645,104.33,99.58,5.64
24174600091,Đà Nẵng,2021,5532730,72.72,114.77,1.36
24174600091,Hải Phòng,2019,2796076,84.6,125.38,2.41
24174600091,Hải Phòng,2020,6890336,44.09,127.54,1.48
24174600091,Hải Phòng,2021,1401964,109.1,123.98,
24174600091,Cần Thơ,2019,7579028,60.41,105.86,5.71
24174600091,Cần Thơ,2020,5698153,74.14,104.43,3.26
24174600091,Cần Thơ,2021,3209856,56.39,125.54,5.15
24174600103,Hà Nội,2019,4596062,78.36,119.38,2.46
24174600103,Hà Nội,2020,5074448,57.2,90.69,5.02
24174600103,Hà Nội,2021,3796275,30.59,119.45,3.02
24174600103,TP.HCM,2019,5166410,68.0,90.49,5.07
24174600103,TP.HCM,2020,5300925,68.79,111.34,5.44
24174600103,TP.HCM,2021,6006866,117.38,129.14,3.79
24174600103,Đà Nẵng,2019,2568091,73.57,107.23,4.76
24174600103,Đà Nẵng,2020,1715234,55.93,92.82,3.27
24174600103,Đà Nẵng,2021,3699054,30.32,97.84,1.46
24174600103,Hải Phòng,2019,7033823,44.83,101.6,
24174600103,Hải Phòng,2020,6397074,103.98,116.02,4.39
24174600103,Hải Phòng,2021,5746707,,114.89,1.12
24174600103,Cần Thơ,2019,1684022,,107.75,3.21
24174600103,Cần Thơ,2020,7653601,83.76,113.47,
24174600103,Cần Thơ,2021,7416244,112.19,120.18,2.44
24174600109,Hà Nội,2019,974374,44.88,96.72,1.55
24174600109,Hà Nội,2020,6022015,73.41,125.46,1.34
24174600109,Hà Nội,2021,7049338,,97.81,4.74
24174600109,TP.HCM,2019,501064,69.58,101.24,2.2
24174600109,TP.HCM,2020,3390603,39.7,110.18,3.85
24174600109,TP.HCM,2021,4711039,88.63,92.84,3.59
24174600109,Đà Nẵng,2019,6819155,78.39,129.85,5.95
24174600109,Đà Nẵng,2020,7770125,,123.56,4.67
24174600109,Đà Nẵng,2021,4059430,30.38,97.96,
24174600109,Hải Phòng,2019,4184853,102.16,102.18,4.29
24174600109,Hải Phòng,2020,2605350,79.15,91.02,
24174600109,Hải Phòng,2021,7855575,45.59,99.49,3.48
24174600109,Cần Thơ,2019,1650236,102.07,120.23,2.21
24174600109,Cần Thơ,2020,1185114,50.52,126.78,5.31
24174600109,Cần Thơ,2021,7768404,68.61,105.65,5.17
24174600064,Hà Nội,2019,2148721,38.75,125.88,4.76
24174600064,Hà Nội,2020,4225115,,96.47,
24174600064,Hà Nội,2021,1497045,52.06,114.83,4.74
24174600064,TP.HCM,2019,1487708,63.98,129.29,2.19
24174600064,TP.HCM,2020,3049454,40.05,91.22,1.98
24174600064,TP.HCM,2021,2449748,95.95,127.84,5.85
24174600064,Đà Nẵng,2019,4676636,82.71,102.54,2.24
24174600064,Đà Nẵng,2020,6696408,83.63,96.67,
24174600064,Đà Nẵng,2021,657782,,93.68,1.4
24174600064,Hải Phòng,2019,6143168,52.38,123.61,4.47
24174600064,Hải Phòng,2020,4680180,,116.96,1.88
24174600064,Hải Phòng,2021,2279669,35.28,114.7,3.44
24174600064,Cần Thơ,2019,2569830,34.76,90.38,4.39
24174600064,Cần Thơ,2020,6290645,,126.81,4.1
24174600064,Cần Thơ,2021,4267286,98.95,92.34,5.14
24174600112,Hà Nội,2019,1375953,44.05,111.1,3.07
24174600112,Hà Nội,2020,3895894,,101.59,5.93
24174600112,Hà Nội,2021,4948633,100.62,92.07,4.25
24174600112,TP.HCM,2019,6150017,55.46,106.28,5.42
24174600112,TP.HCM,2020,1102960,69.31,120.39,5.52
24174600112,TP.HCM,2021,6659125,42.25,110.92,4.7
24174600112,Đà Nẵng,2019,2721861,,104.06,4.92
24174600112,Đà Nẵng,2020,6054480,68.46,126.18,4.0
24174600112,Đà Nẵng,2021,7298116,98.2,108.65,2.52
24174600112,Hải Phòng,2019,7371142,,124.74,
24174600112,Hải Phòng,2020,6308767,72.61,99.7,3.11
24174600112,Hải Phòng,2021,4301456,51.74,90.55,1.25
24174600112,Cần Thơ,2019,5149997,39.63,,1.38
24174600112,Cần Thơ,2020,6258856,34.65,100.81,
24174600112,Cần Thơ,2021,2201846,81.23,107.74,2.41
24174600113,Hà Nội,2019,5648615,111.86,108.51,5.09
24174600113,Hà Nội,2020,6763652,,93.42,5.51
24174600113,Hà Nội,2021,529619,99.8,113.12,4.66
24174600113,TP.HCM,2019,3740972,89.67,105.51,1.14
24174600113,TP.HCM,2020,5288185,48.89,124.28,1.65
24174600113,TP.HCM,2021,6404793,76.96,115.02,2.02
24174600113,Đà Nẵng,2019,2465532,98.94,107.78,1.9
24174600113,Đà Nẵng,2020,1760385,59.22,95.86,3.6
24174600113,Đà Nẵng,2021,6615712,,103.42,
24174600113,Hải Phòng,2019,2482803,96.57,128.21,4.35
24174600113,Hải Phòng,2020,3293354,103.87,121.23,4.08
24174600113,Hải Phòng,2021,6836412,50.38,91.44,1.05
24174600113,Cần Thơ,2019,5269650,40.32,107.36,3.08
24174600113,Cần Thơ,2020,4570092,42.6,118.79,4.4
24174600113,Cần Thơ,2021,7638306,106.6,116.84,
24174600108,Hà Nội,2019,5678137,73.6,96.77,4.13
24174600108,Hà Nội,2020,2353748,82.64,97.37,1.92
24174600108,Hà Nội,2021,7351775,59.39,108.27,3.53
24174600108,TP.HCM,2019,2584799,63.64,90.01,
24174600108,TP.HCM,2020,7447227,66.95,93.64,2.21
24174600108,TP.HCM,2021,838829,110.17,94.74,
24174600108,Đà Nẵng,2019,1788284,55.38,113.53,2.24
24174600108,Đà Nẵng,2020,3527858,,102.34,5.83
24174600108,Đà Nẵng,2021,6151262,109.4,128.08,3.56
24174600108,Hải Phòng,2019,3991532,65.04,107.65,4.67
24174600108,Hải Phòng,2020,2982578,77.98,116.65,2.97
24174600108,Hải Phòng,2021,7484606,87.95,105.55,4.19
24174600108,Cần Thơ,2019,7041364,113.42,119.83,1.35
24174600108,Cần Thơ,2020,4688215,68.67,109.49,3.64
24174600108,Cần Thơ,2021,1847957,,110.49,5.22
24174600090,Hà Nội,2019,2685260,93.99,102.11,5.11
24174600090,Hà Nội,2020,1402666,76.28,90.28,3.46
24174600090,Hà Nội,2021,4252999,79.77,121.61,3.34
24174600090,TP.HCM,2019,5768564,93.33,94.1,4.87
24174600090,TP.HCM,2020,1159807,93.02,,5.15
24174600090,TP.HCM,2021,1765191,45.61,127.12,3.02
24174600090,Đà Nẵng,2019,6939617,56.11,101.69,3.81
24174600090,Đà Nẵng,2020,801813,41.74,115.92,4.49
24174600090,Đà Nẵng,2021,7488788,90.42,94.96,5.83
24174600090,Hải Phòng,2019,6259527,104.17,104.55,3.41
24174600090,Hải Phòng,2020,2935921,94.92,119.42,1.07
24174600090,Hải Phòng,2021,5709165,96.37,99.9,5.39
24174600090,Cần Thơ,2019,774346,86.95,90.98,5.05
24174600090,Cần Thơ,2020,5459079,69.91,99.18,3.7
24174600090,Cần Thơ,2021,5162233,110.86,,1.15
24174600107,Hà Nội,2019,6333934,,117.43,5.67
24174600107,Hà Nội,2020,5761323,64.09,95.33,3.28
24174600107,Hà Nội,2021,5707803,56.45,94.01,5.66
24174600107,TP.HCM,2019,1710287,115.49,90.1,3.39
24174600107,TP.HCM,2020,2861010,101.53,,2.07
24174600107,TP.HCM,2021,5316356,54.47,95.7,4.93
24174600107,Đà Nẵng,2019,6773695,69.09,101.94,3.53
24174600107,Đà Nẵng,2020,5417579,73.51,126.58,2.74
24174600107,Đà Nẵng,2021,904546,80.05,105.95,2.93
24174600107,Hải Phòng,2019,7659084,117.39,118.59,3.94
24174600107,Hải Phòng,2020,789014,,121.74,5.76
24174600107,Hải Phòng,2021,2266232,85.7,,4.2
24174600107,Cần Thơ,2019,3379139,109.49,,3.37
24174600107,Cần Thơ,2020,3941483,58.43,117.77,4.92
24174600107,Cần Thơ,2021,550442,92.06,116.39,3.14
24174600063,Hà Nội,2019,1981065,38.6,109.34,
24174600063,Hà Nội,2020,7130727,110.6,110.53,5.0
24174600063,Hà Nội,2021,7628581,43.78,126.5,2.37
24174600063,TP.HCM,2019,7123098,105.88,122.22,5.2
24174600063,TP.HCM,2020,5784103,95.36,95.28,4.23
24174600063,TP.HCM,2021,2292820,34.93,120.38,5.19
24174600063,Đà Nẵng,2019,4676617,108.62,117.09,1.3
24174600063,Đà Nẵng,2020,3999105,,103.76,
24174600063,Đà Nẵng,2021,660354,,107.68,2.65
24174600063,Hải Phòng,2019,4372174,114.41,,
24174600063,Hải Phòng,2020,3248011,34.07,125.07,1.06
24174600063,Hải Phòng,2021,809245,68.81,110.87,1.72
24174600063,Cần Thơ,2019,2979947,72.56,106.66,4.87
24174600063,Cần Thơ,2020,5293554,57.8,91.45,1.54
24174600063,Cần Thơ,2021,2295031,44.91,99.95,5.19
24174600099,Hà Nội,2019,5787165,50.75,99.74,1.82
24174600099,Hà Nội,2020,919103,90.64,109.59,1.66
24174600099,Hà Nội,2021,7154132,68.61,95.48,
24174600099,TP.HCM,2019,2142165,,96.93,2.96
24174600099,TP.HCM,2020,4978777,,,5.31
24174600099,TP.HCM,2021,2206336,87.65,128.07,5.03
24174600099,Đà Nẵng,2019,7323953,79.21,114.05,2.64
24174600099,Đà Nẵng,2020,4961522,95.43,91.5,2.29
24174600099,Đà Nẵng,2021,2357917,69.07,110.47,4.6
24174600099,Hải Phòng,2019,4981740,80.14,119.88,1.95
24174600099,Hải Phòng,2020,2135761,79.62,92.8,5.66
24174600099,Hải Phòng,2021,7512628,70.27,96.64,4.37
24174600099,Cần Thơ,2019,7562216,44.17,115.26,5.71
24174600099,Cần Thơ,2020,2603636,54.16,,2.76
24174600099,Cần Thơ,2021,7953674,48.49,108.84,3.14
24174600092,Hà Nội,2019,7153720,89.74,117.5,1.66
24174600092,Hà Nội,2020,3611643,56.84,108.09,5.37
24174600092,Hà Nội,2021,5060848,69.21,100.27,4.72
24174600092,TP.HCM,2019,5644199,80.09,91.76,2.24
24174600092,TP.HCM,2020,1530159,81.85,102.45,4.62
24174600092,TP.HCM,2021,2414285,,119.78,3.02
24174600092,Đà Nẵng,2019,2259657,57.85,,3.49
24174600092,Đà Nẵng,2020,2848302,73.74,94.37,1.02
24174600092,Đà Nẵng,2021,6582424,68.36,100.81,1.25
24174600092,Hải Phòng,2019,4820141,106.1,107.3,4.35
24174600092,Hải Phòng,2020,7012932,94.37,113.31,4.58
24174600092,Hải Phòng,2021,1275356,,93.86,
24174600092,Cần Thơ,2019,3816163,71.6,91.89,5.4
24174600092,Cần Thơ,2020,6982168,70.38,,
24174600092,Cần Thơ,2021,3452323,89.32,,1.94
24174600097,Hà Nội,2019,1758714,85.38,92.36,4.05
24174600097,Hà Nội,2020,1034880,88.0,90.05,4.5
24174600097,Hà Nội,2021,3124795,60.07,104.22,1.34
24174600097,TP.HCM,2019,1045777,93.52,,1.63
24174600097,TP.HCM,2020,4230088,57.13,111.15,1.68
24174600097,TP.HCM,2021,2436444,112.5,,1.9
24174600097,Đà Nẵng,2019,5005213,37.59,97.62,1.47
24174600097,Đà Nẵng,2020,6166909,111.24,126.63,3.88
24174600097,Đà Nẵng,2021,1670871,,102.08,3.36
24174600097,Hải Phòng,2019,5326219,42.03,98.34,4.71
24174600097,Hải Phòng,2020,6876457,33.5,104.15,5.89
24174600097,Hải Phòng,2021,2649106,87.09,119.22,1.32
24174600097,Cần Thơ,2019,4107699,58.29,113.15,4.65
24174600097,Cần Thơ,2020,2007607,91.37,118.69,5.19
24174600097,Cần Thơ,2021,3404867,,104.61,3.81
24174600076,Hà Nội,2019,7614036,81.03,108.51,3.89
24174600076,Hà Nội,2020,3884924,43.94,,4.52
24174600076,Hà Nội,2021,7923157,74.97,123.29,5.49
24174600076,TP.HCM,2019,2922463,82.72,123.43,5.75
24174600076,TP.HCM,2020,4446942,102.31,117.86,5.13
24174600076,TP.HCM,2021,6462124,116.84,105.51,
24174600076,Đà Nẵng,2019,7867142,,126.11,1.64
24174600076,Đà Nẵng,2020,2181728,119.07,122.61,3.36
24174600076,Đà Nẵng,2021,1991556,59.46,108.92,2.53
24174600076,Hải Phòng,2019,987236,33.92,128.34,
24174600076,Hải Phòng,2020,2027130,74.43,91.2,2.68
24174600076,Hải Phòng,2021,4946248,43.51,94.25,2.79
24174600076,Cần Thơ,2019,4302340,70.29,120.2,4.08
24174600076,Cần Thơ,2020,4985666,35.22,95.84,2.12
24174600076,Cần Thơ,2021,7265749,40.21,102.42,3.93
24174600114,Hà Nội,2019,1649519,93.73,100.98,2.68
24174600114,Hà Nội,2020,1072264,100.52,122.62,1.62
24174600114,Hà Nội,2021,5165856,,93.38,5.85
24174600114,TP.HCM,2019,3078173,,,1.59
24174600114,TP.HCM,2020,3904480,102.51,129.62,3.1
24174600114,TP.HCM,2021,7003160,77.45,110.06,5.22
24174600114,Đà Nẵng,2019,3798520,69.07,,
24174600114,Đà Nẵng,2020,4727187,50.28,126.06,2.01
24174600114,Đà Nẵng,2021,634125,34.48,118.29,1.99
24174600114,Hải Phòng,2019,7149430,100.57,,5.21
24174600114,Hải Phòng,2020,3251766,36.74,95.97,4.86
24174600114,Hải Phòng,2021,6991757,67.89,105.94,
24174600114,Cần Thơ,2019,2112835,33.89,95.76,3.19
24174600114,Cần Thơ,2020,5775043,110.9,95.47,2.97
24174600114,Cần Thơ,2021,7963792,119.11,99.64,4.63
24174600106,Hà Nội,2019,1460984,74.33,105.18,3.48
24174600106,Hà Nội,2020,7012439,62.03,107.34,5.38
24174600106,Hà Nội,2021,3343825,47.17,116.64,3.14
24174600106,TP.HCM,2019,3135717,100.75,95.9,4.32
24174600106,TP.HCM,2020,6029660,,90.39,4.61
24174600106,TP.HCM,2021,1322639,110.62,113.96,5.47
24174600106,Đà Nẵng,2019,3624969,58.07,94.47,1.58
24174600106,Đà Nẵng,2020,6349454,49.29,103.24,4.44
24174600106,Đà Nẵng,2021,6348468,104.85,121.74,2.15
24174600106,Hải Phòng,2019,1525153,85.62,104.42,4.05
24174600106,Hải Phòng,2020,1353266,90.49,115.04,5.85
24174600106,Hải Phòng,2021,7859570,61.95,116.67,3.13
24174600106,Cần Thơ,2019,3000976,119.05,97.21,2.38
24174600106,Cần Thơ,2020,1329384,65.64,92.88,
24174600106,Cần Thơ,2021,5142344,117.2,,5.33
24174600088,Hà Nội,2019,2796477,,129.92,5.08
24174600088,Hà Nội,2020,3702906,48.9,105.69,2.21
24174600088,Hà Nội,2021,3398471,93.06,93.81,5.19
24174600088,TP.HCM,2019,7567226,99.24,105.11,4.45
24174600088,TP.HCM,2020,5361513,75.93,102.66,3.71
24174600088,TP.HCM,2021,6685275,69.5,106.81,3.17
24174600088,Đà Nẵng,2019,4721422,96.8,114.78,2.48
24174600088,Đà Nẵng,2020,2230041,,126.84,5.04
24174600088,Đà Nẵng,2021,6396481,68.53,95.89,2.64
24174600088,Hải Phòng,2019,4636891,111.31,129.05,3.87
24174600088,Hải Phòng,2020,5226784,108.78,94.31,3.12
24174600088,Hải Phòng,2021,7314095,79.85,94.11,3.09
24174600088,Cần Thơ,2019,6813395,44.7,,4.36
24174600088,Cần Thơ,2020,5259312,,104.74,5.38
24174600088,Cần Thơ,2021,4705897,,115.78,5.74
24174600096,Hà Nội,2019,4951015,44.93,104.37,1.17
24174600096,Hà Nội,2020,4588336,54.53,124.87,
24174600096,Hà Nội,2021,1934472,82.58,106.75,
24174600096,TP.HCM,2019,4303054,69.81,95.85,2.65
24174600096,TP.HCM,2020,5121748,91.73,124.96,4.07
24174600096,TP.HCM,2021,5081233,119.72,124.06,1.52
24174600096,Đà Nẵng,2019,3014911,56.17,129.32,1.57
24174600096,Đà Nẵng,2020,4974850,108.78,96.23,5.74
24174600096,Đà Nẵng,2021,3346054,49.94,,4.81
24174600096,Hải Phòng,2019,4036918,50.53,,3.16
24174600096,Hải Phòng,2020,1078857,34.59,128.33,2.23
24174600096,Hải Phòng,2021,1119110,109.84,115.51,4.94
24174600096,Cần Thơ,2019,1142026,86.52,,
24174600096,Cần Thơ,2020,6989441,39.45,124.1,5.64
24174600096,Cần Thơ,2021,7390635,111.51,115.04,5.59
24174600105,Hà Nội,2019,6706119,56.04,117.42,1.13
24174600105,Hà Nội,2020,3870961,,120.05,2.66
24174600105,Hà Nội,2021,6746183,114.48,114.46,4.56
24174600105,TP.HCM,2019,3852552,46.41,108.72,
24174600105,TP.HCM,2020,3165765,73.98,116.68,2.68
24174600105,TP.HCM,2021,4664597,,,1.8
24174600105,Đà Nẵng,2019,7647588,94.32,124.63,1.08
24174600105,Đà Nẵng,2020,3914011,48.79,106.61,2.9
24174600105,Đà Nẵng,2021,4847674,30.35,,2.1
24174600105,Hải Phòng,2019,3483689,100.66,123.14,4.58
24174600105,Hải Phòng,2020,1578389,31.4,106.53,3.79
24174600105,Hải Phòng,2021,5710954,39.92,115.87,1.1
24174600105,Cần Thơ,2019,4909974,35.49,,1.89
24174600105,Cần Thơ,2020,1444876,87.74,114.07,5.67
24174600105,Cần Thơ,2021,6723785,71.33,94.92,3.26
24174600101,Hà Nội,2019,1512528,58.15,115.59,1.83
24174600101,Hà Nội,2020,7298552,33.59,125.25,5.6
24174600101,Hà Nội,2021,1041409,87.12,117.66,5.76
24174600101,TP.HCM,2019,3920838,92.85,91.42,1.18
24174600101,TP.HCM,2020,1112812,51.91,122.84,4.3
24174600101,TP.HCM,2021,1490081,77.45,,1.73
24174600101,Đà Nẵng,2019,7763810,61.32,113.19,1.38
24174600101,Đà Nẵng,2020,3887301,81.07,120.61,
24174600101,Đà Nẵng,2021,573241,,104.42,4.78
24174600101,Hải Phòng,2019,7668351,,115.2,5.05
24174600101,Hải Phòng,2020,3170223,114.14,102.77,4.09
24174600101,Hải Phòng,2021,6756175,35.51,105.7,5.22
24174600101,Cần Thơ,2019,2486256,42.14,98.83,5.5
24174600101,Cần Thơ,2020,7443929,65.86,,1.84
24174600101,Cần Thơ,2021,2727767,99.31,,1.87
24174600180,Hà Nội,2019,1756180,,95.4,3.87
24174600180,Hà Nội,2020,7415631,62.17,113.1,4.7
24174600180,Hà Nội,2021,6011497,35.41,104.39,3.37
24174600180,TP.HCM,2019,1440713,62.87,104.83,1.89
24174600180,TP.HCM,2020,3355485,66.19,105.74,5.33
24174600180,TP.HCM,2021,4256429,113.28,111.72,
24174600180,Đà Nẵng,2019,2054224,50.3,95.79,2.75
24174600180,Đà Nẵng,2020,7618259,46.4,115.74,3.32
24174600180,Đà Nẵng,2021,6197789,44.13,119.75,1.41
24174600180,Hải Phòng,2019,1698231,,,
24174600180,Hải Phòng,2020,4419550,105.98,,5.83
24174600180,Hải Phòng,2021,5662346,113.73,109.5,3.07
24174600180,Cần Thơ,2019,7916199,85.89,126.07,3.36
24174600180,Cần Thơ,2020,2836728,44.86,95.58,4.91
24174600180,Cần Thơ,2021,531865,61.87,104.45,2.2
24174600089,Hà Nội,2019,5420871,60.47,105.35,5.38
24174600089,Hà Nội,2020,6064378,48.12,114.18,4.95
24174600089,Hà Nội,2021,7937677,63.27,97.81,3.76
24174600089,TP.HCM,2019,7508059,112.22,98.14,5.82
24174600089,TP.HCM,2020,6329241,82.3,100.87,1.83
24174600089,TP.HCM,2021,4708839,115.43,119.58,
24174600089,Đà Nẵng,2019,7939101,41.16,93.4,4.39
24174600089,Đà Nẵng,2020,6712258,82.07,125.45,1.18
24174600089,Đà Nẵng,2021,645010,,123.58,5.62
24174600089,Hải Phòng,2019,5021490,,,
24174600089,Hải Phòng,2020,3159240,115.04,108.54,3.92
24174600089,Hải Phòng,2021,4406322,106.61,123.79,3.36
24174600089,Cần Thơ,2019,5766954,84.63,100.25,2.41
24174600089,Cần Thơ,2020,1180925,101.72,113.8,1.81
24174600089,Cần Thơ,2021,1341421,30.89,,5.54
24174600070,Hà Nội,2019,4524379,60.92,117.17,2.96
24174600070,Hà Nội,2020,1674835,56.25,96.74,4.96
24174600070,Hà Nội,2021,2353958,82.12,120.95,3.36
24174600070,TP.HCM,2019,4116456,84.29,119.22,4.48
24174600070,TP.HCM,2020,5828744,56.07,92.16,4.8
24174600070,TP.HCM,2021,3706770,47.96,92.31,2.22
24174600070,Đà Nẵng,2019,5685930,,99.88,4.07
24174600070,Đà Nẵng,2020,5912854,63.58,128.96,
24174600070,Đà Nẵng,2021,3993719,,128.38,4.99
24174600070,Hải Phòng,2019,4117395,38.66,124.1,
24174600070,Hải Phòng,2020,4329607,78.77,114.49,4.76
24174600070,Hải Phòng,2021,6883867,32.03,105.97,3.76
24174600070,Cần Thơ,2019,6493364,69.42,112.01,
24174600070,Cần Thơ,2020,3144794,75.72,106.96,1.65
24174600070,Cần Thơ,2021,1807798,35.09,111.67,
24174600084,Hà Nội,2019,6434728,41.08,116.11,2.41
24174600084,Hà Nội,2020,1732114,76.13,118.52,2.24
24174600084,Hà Nội,2021,1655376,63.92,128.35,
24174600084,TP.HCM,2019,4157462,113.9,95.55,
24174600084,TP.HCM,2020,5600611,88.68,110.77,5.13
24174600084,TP.HCM,2021,6842560,112.22,106.41,
24174600084,Đà Nẵng,2019,7202028,106.89,,1.22
24174600084,Đà Nẵng,2020,1051492,36.93,96.59,3.54
24174600084,Đà Nẵng,2021,553007,50.39,102.59,1.39
24174600084,Hải Phòng,2019,7382948,46.57,121.97,2.42
24174600084,Hải Phòng,2020,5931970,92.09,128.94,1.59
24174600084,Hải Phòng,2021,2684307,115.83,108.95,3.42
24174600084,Cần Thơ,2019,977253,40.38,116.52,
24174600084,Cần Thơ,2020,2920068,46.64,125.95,1.75
24174600084,Cần Thơ,2021,7928529,57.62,92.95,
24174600083,Hà Nội,2019,4753862,53.48,106.96,1.39
24174600083,Hà Nội,2020,1471299,70.15,106.56,5.46
24174600083,Hà Nội,2021,5031406,90.31,107.65,3.95
24174600083,TP.HCM,2019,7851343,46.73,108.27,2.82
24174600083,TP.HCM,2020,3601323,92.33,119.21,3.53
24174600083,TP.HCM,2021,7512642,52.51,119.77,2.35
24174600083,Đà Nẵng,2019,6343523,119.32,114.36,3.68
24174600083,Đà Nẵng,2020,856583,,96.16,4.68
24174600083,Đà Nẵng,2021,7038413,64.7,102.09,3.42
24174600083,Hải Phòng,2019,3721755,61.19,95.34,
24174600083,Hải Phòng,2020,6957982,97.4,98.52,3.84
24174600083,Hải Phòng,2021,664273,,,1.38
24174600083,Cần Thơ,2019,2362811,55.2,109.57,5.08
24174600083,Cần Thơ,2020,1388384,33.15,,3.21
24174600083,Cần Thơ,2021,1224065,31.28,127.94,1.02
24174600068,Hà Nội,2019,6190021,58.0,114.85,5.05
24174600068,Hà Nội,2020,528268,66.57,119.88,5.5
24174600068,Hà Nội,2021,6982638,76.76,128.38,2.86
24174600068,TP.HCM,2019,2289969,36.05,103.76,3.7
24174600068,TP.HCM,2020,3838649,107.94,,3.58
24174600068,TP.HCM,2021,3266591,94.59,121.8,3.95
24174600068,Đà Nẵng,2019,1529729,100.1,110.07,2.14
24174600068,Đà Nẵng,2020,1224423,84.35,100.31,1.7
24174600068,Đà Nẵng,2021,5258055,65.18,119.86,3.6
24174600068,Hải Phòng,2019,1533274,108.32,97.42,5.12
24174600068,Hải Phòng,2020,6195859,96.3,122.1,1.26
24174600068,Hải Phòng,2021,6965115,77.59,,5.69
24174600068,Cần Thơ,2019,6343413,49.15,109.53,3.71
24174600068,Cần Thơ,2020,5671895,81.38,100.67,2.52
24174600068,Cần Thơ,2021,900115,54.5,107.91,4.77
24174600080,Hà Nội,2019,1525148,95.03,111.74,3.45
24174600080,Hà Nội,2020,870741,,97.65,4.27
24174600080,Hà Nội,2021,778653,88.49,93.42,5.2
24174600080,TP.HCM,2019,4488772,63.23,112.63,4.26
24174600080,TP.HCM,2020,5300802,59.09,104.05,1.53
24174600080,TP.HCM,2021,705263,61.1,,5.3
24174600080,Đà Nẵng,2019,561257,58.5,105.44,3.01
24174600080,Đà Nẵng,2020,5127664,96.13,108.68,3.03
24174600080,Đà Nẵng,2021,6363714,,124.83,3.43
24174600080,Hải Phòng,2019,4795920,98.41,,1.97
24174600080,Hải Phòng,2020,1048887,75.02,90.25,4.95
24174600080,Hải Phòng,2021,746097,108.26,,2.13
24174600080,Cần Thơ,2019,4175219,83.71,115.72,4.66
24174600080,Cần Thơ,2020,7998005,50.18,,5.15
24174600080,Cần Thơ,2021,1139879,31.3,103.38,3.78
24174600094,Hà Nội,2019,3775009,98.2,110.93,4.69
24174600094,Hà Nội,2020,7771116,80.04,104.3,5.09
24174600094,Hà Nội,2021,3958817,84.31,127.24,4.5
24174600094,TP.HCM,2019,1035760,60.57,,3.3
24174600094,TP.HCM,2020,2389005,77.5,98.19,
24174600094,TP.HCM,2021,6076223,73.66,97.18,4.62
24174600094,Đà Nẵng,2019,3585766,30.54,98.86,
24174600094,Đà Nẵng,2020,3720092,114.22,98.74,1.54
24174600094,Đà Nẵng,2021,7440280,100.4,107.43,2.72
24174600094,Hải Phòng,2019,5303268,80.4,124.37,
24174600094,Hải Phòng,2020,2315449,35.47,117.23,
24174600094,Hải Phòng,2021,658480,116.43,121.14,
24174600094,Cần Thơ,2019,1912346,36.93,107.95,3.68
24174600094,Cần Thơ,2020,6717755,82.01,120.4,4.61
24174600094,Cần Thơ,2021,2966697,108.82,129.85,2.05
24174600111,Hà Nội,2019,3293067,106.41,111.16,4.68
24174600111,Hà Nội,2020,6548673,,101.48,3.44
24174600111,Hà Nội,2021,4635317,39.19,121.54,3.96
24174600111,TP.HCM,2019,7300245,53.62,97.48,2.94
24174600111,TP.HCM,2020,653583,57.02,123.24,1.35
24174600111,TP.HCM,2021,5852367,114.38,106.33,2.63
24174600111,Đà Nẵng,2019,2766661,39.81,121.69,1.23
24174600111,Đà Nẵng,2020,5786500,84.29,100.49,4.66
24174600111,Đà Nẵng,2021,4495655,32.63,123.86,
24174600111,Hải Phòng,2019,6900285,42.09,112.02,3.77
24174600111,Hải Phòng,2020,3051562,52.77,110.89,5.16
24174600111,Hải Phòng,2021,1779774,77.36,101.76,1.17
24174600111,Cần Thơ,2019,649421,,90.08,3.19
24174600111,Cần Thơ,2020,7662604,79.37,101.92,1.22
24174600111,Cần Thơ,2021,5299021,109.82,116.91,2.69
24174600085,Hà Nội,2019,4899978,106.59,111.61,2.95
24174600085,Hà Nội,2020,2441581,,106.04,2.17
24174600085,Hà Nội,2021,3562763,79.41,91.34,1.31
24174600085,TP.HCM,2019,5577021,45.85,,4.76
24174600085,TP.HCM,2020,2553158,36.67,92.83,3.17
24174600085,TP.HCM,2021,4032323,79.46,99.05,1.38
24174600085,Đà Nẵng,2019,2335249,85.59,100.35,4.51
24174600085,Đà Nẵng,2020,7433668,,101.82,
24174600085,Đà Nẵng,2021,3443145,98.64,92.11,5.3
24174600085,Hải Phòng,2019,4212183,111.84,100.99,2.82
24174600085,Hải Phòng,2020,2312612,42.12,123.32,1.0
24174600085,Hải Phòng,2021,7484452,98.83,117.25,2.53
24174600085,Cần Thơ,2019,7998414,92.35,104.41,1.88
24174600085,Cần Thơ,2020,7856645,117.91,105.16,3.97
24174600085,Cần Thơ,2021,3622625,62.64,95.85,2.56
24174600119,Hà Nội,2019,5041902,119.2,123.88,1.78
24174600119,Hà Nội,2020,5670312,95.42,,3.26
24174600119,Hà Nội,2021,1501692,87.71,100.06,
24174600119,TP.HCM,2019,5714083,75.06,107.0,4.38
24174600119,TP.HCM,2020,7352652,,115.64,4.92
24174600119,TP.HCM,2021,4387252,73.03,101.55,2.75
24174600119,Đà Nẵng,2019,7947813,70.31,106.37,4.64
24174600119,Đà Nẵng,2020,996247,42.54,105.47,3.28
24174600119,Đà Nẵng,2021,6095938,,108.93,3.17
24174600119,Hải Phòng,2019,3037402,53.95,96.91,3.23
24174600119,Hải Phòng,2020,4815488,86.44,100.72,1.13
24174600119,Hải Phòng,2021,2369710,94.39,93.88,2.69
24174600119,Cần Thơ,2019,5681101,32.41,,3.87
24174600119,Cần Thơ,2020,523602,94.89,111.45,2.74
24174600119,Cần Thơ,2021,4575840,83.62,113.92,1.28
24174600117,Hà Nội,2019,6179328,,96.39,2.77
24174600117,Hà Nội,2020,5026384,37.56,104.67,5.97
24174600117,Hà Nội,2021,3869207,101.0,127.5,3.44
24174600117,TP.HCM,2019,1194442,118.76,99.3,1.72
24174600117,TP.HCM,2020,7498919,,,5.41
24174600117,TP.HCM,2021,3655748,51.39,120.06,3.16
24174600117,Đà Nẵng,2019,4312455,55.57,112.0,
24174600117,Đà Nẵng,2020,4903592,84.46,94.31,5.41
24174600117,Đà Nẵng,2021,1101210,63.41,110.33,1.31
24174600117,Hải Phòng,2019,4309454,117.11,115.93,3.88
24174600117,Hải Phòng,2020,1319003,87.0,92.68,4.4
24174600117,Hải Phòng,2021,2859055,86.23,101.72,4.51
24174600117,Cần Thơ,2019,7492398,43.66,98.6,5.54
24174600117,Cần Thơ,2020,5150059,53.56,128.12,2.19
24174600117,Cần Thơ,2021,2298271,,105.04,4.48
24174600152,Hà Nội,2019,3816911,35.67,118.13,4.63
24174600152,Hà Nội,2020,6388945,75.47,115.92,2.16
24174600152,Hà Nội,2021,7393427,65.64,111.52,3.61
24174600152,TP.HCM,2019,6120231,36.23,126.8,5.65
24174600152,TP.HCM,2020,2271131,,108.57,3.66
24174600152,TP.HCM,2021,6081372,72.42,115.64,3.93
24174600152,Đà Nẵng,2019,1337281,,128.56,1.13
24174600152,Đà Nẵng,2020,2802903,97.78,92.59,2.36
24174600152,Đà Nẵng,2021,1666670,35.13,91.19,4.11
24174600152,Hải Phòng,2019,7722897,,112.98,4.18
24174600152,Hải Phòng,2020,5498995,30.05,125.21,3.35
24174600152,Hải Phòng,2021,4764863,72.69,115.72,
24174600152,Cần Thơ,2019,1551208,,110.1,4.69
24174600152,Cần Thơ,2020,1256621,66.19,108.48,3.72
24174600152,Cần Thơ,2021,7566674,107.92,93.06,4.53
24174600118,Hà Nội,2019,822351,96.95,96.72,1.28
24174600118,Hà Nội,2020,1569394,69.12,113.71,1.65
24174600118,Hà Nội,2021,7714265,104.56,121.79,2.6
24174600118,TP.HCM,2019,3286293,30.19,119.54,2.57
24174600118,TP.HCM,2020,3842716,,123.12,4.05
24174600118,TP.HCM,2021,1080844,113.23,92.35,2.12
24174600118,Đà Nẵng,2019,2705643,51.78,99.41,4.37
24174600118,Đà Nẵng,2020,2064359,114.05,126.75,1.74
24174600118,Đà Nẵng,2021,695591,93.2,97.14,1.95
24174600118,Hải Phòng,2019,1591708,56.16,105.7,2.34
24174600118,Hải Phòng,2020,1135816,47.85,109.04,5.72
24174600118,Hải Phòng,2021,7045661,30.63,92.91,4.22
24174600118,Cần Thơ,2019,2152213,80.71,128.84,4.99
24174600118,Cần Thơ,2020,6690313,100.92,128.13,
24174600118,Cần Thơ,2021,5709361,40.57,120.64,1.24
24174600115,Hà Nội,2019,2298049,65.78,123.93,
24174600115,Hà Nội,2020,2628657,103.24,94.5,1.43
24174600115,Hà Nội,2021,2687134,,115.57,3.49
24174600115,TP.HCM,2019,5670687,86.17,119.29,1.4
24174600115,TP.HCM,2020,2492180,73.13,118.36,3.89
24174600115,TP.HCM,2021,793948,75.9,100.33,1.53
24174600115,Đà Nẵng,2019,6895396,101.38,124.18,4.71
24174600115,Đà Nẵng,2020,4532787,87.2,113.17,2.28
24174600115,Đà Nẵng,2021,7482971,78.13,124.06,2.34
24174600115,Hải Phòng,2019,3934184,40.65,123.4,4.87
24174600115,Hải Phòng,2020,6327416,34.08,101.06,5.72
24174600115,Hải Phòng,2021,1164483,45.89,124.38,
24174600115,Cần Thơ,2019,3907307,104.3,108.94,3.06
24174600115,Cần Thơ,2020,3930500,81.79,,
24174600115,Cần Thơ,2021,5020947,89.23,101.91,2.25
24174600069,Hà Nội,2019,4737918,96.32,121.25,4.68
24174600069,Hà Nội,2020,5593005,117.97,95.8,5.09
24174600069,Hà Nội,2021,3222574,,100.48,5.83
24174600069,TP.HCM,2019,4347392,84.42,115.22,2.46
24174600069,TP.HCM,2020,7604460,69.3,91.88,1.74
24174600069,TP.HCM,2021,7854916,98.54,108.91,2.58
24174600069,Đà Nẵng,2019,3225874,95.93,119.67,4.07
24174600069,Đà Nẵng,2020,7174244,,118.37,3.62
24174600069,Đà Nẵng,2021,3519754,74.78,117.41,5.93
24174600069,Hải Phòng,2019,1189887,45.32,117.11,3.87
24174600069,Hải Phòng,2020,5531915,104.14,91.51,3.44
24174600069,Hải Phòng,2021,7338801,79.57,103.05,4.41
24174600069,Cần Thơ,2019,1862755,75.49,106.94,5.64
24174600069,Cần Thơ,2020,5192676,92.75,96.3,1.07
24174600069,Cần Thơ,2021,5798138,74.82,121.44,4.84
24174600078,Hà Nội,2019,5208576,57.82,108.19,5.5
24174600078,Hà Nội,2020,5035961,83.27,101.81,3.91
24174600078,Hà Nội,2021,1416460,,92.08,4.4
24174600078,TP.HCM,2019,4438496,83.39,106.59,4.33
24174600078,TP.HCM,2020,5760840,77.89,91.66,3.0
24174600078,TP.HCM,2021,1022027,87.03,123.43,3.39
24174600078,Đà Nẵng,2019,5236735,,123.61,4.76
24174600078,Đà Nẵng,2020,7943223,63.02,109.25,3.27
24174600078,Đà Nẵng,2021,4632932,,114.31,1.34
24174600078,Hải Phòng,2019,3037621,76.95,99.09,4.48
24174600078,Hải Phòng,2020,6140135,89.94,114.79,4.62
24174600078,Hải Phòng,2021,1819080,77.98,120.19,3.71
24174600078,Cần Thơ,2019,5401391,107.91,,2.26
24174600078,Cần Thơ,2020,6803154,57.04,103.7,3.03
24174600078,Cần Thơ,2021,4956395,99.77,121.15,2.42
24174600104,Hà Nội,2019,6243619,,96.73,3.58
24174600104,Hà Nội,2020,7935168,67.43,102.43,1.25
24174600104,Hà Nội,2021,7362759,107.19,124.41,2.84
24174600104,TP.HCM,2019,7347001,86.99,111.16,3.23
24174600104,TP.HCM,2020,5041177,53.6,105.77,2.34
24174600104,TP.HCM,2021,562199,70.02,121.93,4.33
24174600104,Đà Nẵng,2019,6431998,100.34,124.65,5.75
24174600104,Đà Nẵng,2020,3517505,,,4.39
24174600104,Đà Nẵng,2021,4753481,34.33,111.2,4.84
24174600104,Hải Phòng,2019,6260278,54.53,95.62,3.2
24174600104,Hải Phòng,2020,3755849,52.83,125.05,
24174600104,Hải Phòng,2021,6338070,78.2,97.89,1.12
24174600104,Cần Thơ,2019,4692930,,111.55,4.02
24174600104,Cần Thơ,2020,7602022,118.68,123.1,5.67
24174600104,Cần Thơ,2021,2499640,,114.91,3.42
24174600116,Hà Nội,2019,6751190,91.18,128.69,3.86
24174600116,Hà Nội,2020,3508403,98.04,115.82,1.3
24174600116,Hà Nội,2021,4771649,108.61,120.43,
24174600116,TP.HCM,2019,3207254,87.29,116.0,5.24
24174600116,TP.HCM,2020,4144668,67.76,91.74,1.21
24174600116,TP.HCM,2021,3578002,59.82,118.88,
24174600116,Đà Nẵng,2019,2691301,67.04,101.56,4.9
24174600116,Đà Nẵng,2020,557783,48.02,122.82,1.45
24174600116,Đà Nẵng,2021,7687887,42.19,129.86,1.21
24174600116,Hải Phòng,2019,2786436,39.42,101.52,1.26
24174600116,Hải Phòng,2020,3964661,104.58,96.31,5.79
24174600116,Hải Phòng,2021,794983,119.53,,5.03
24174600116,Cần Thơ,2019,691166,119.0,105.01,5.83
24174600116,Cần Thơ,2020,2942947,50.67,92.73,5.33
24174600116,Cần Thơ,2021,3109682,101.82,106.43,4.9
24174600074,Hà Nội,2019,3210520,55.88,116.74,2.38
24174600074,Hà Nội,2020,4848038,37.86,98.56,1.77
24174600074,Hà Nội,2021,7370767,,116.17,5.34
24174600074,TP.HCM,2019,6421650,102.7,,3.52
24174600074,TP.HCM,2020,1781801,44.94,,1.89
24174600074,TP.HCM,2021,4640085,,90.25,2.07
24174600074,Đà Nẵng,2019,1127772,55.78,,5.74
24174600074,Đà Nẵng,2020,5536962,112.06,104.75,2.9
24174600074,Đà Nẵng,2021,6143559,102.53,115.4,2.63
24174600074,Hải Phòng,2019,7208662,111.73,99.27,3.57
24174600074,Hải Phòng,2020,4003144,115.06,121.87,4.9
24174600074,Hải Phòng,2021,6313479,54.67,127.09,2.29
24174600074,Cần Thơ,2019,2612090,68.15,100.85,4.43
24174600074,Cần Thơ,2020,1232605,117.43,104.83,
24174600074,Cần Thơ,2021,5765103,94.18,105.94,
